{"mtime": 1476386382.785664, "gid": 0, "ino": 1167010, "uid": 0, "path": "/root/leaf", "dev": 64768, "size": 4096, "mode": 16877, "nlink": 3, "ctime": 1476386382.785664, "atime": 1476944398.9862545}{"mtime": 1472696498.7506726, "gid": 0, "ino": 67621657, "uid": 0, "path": "/root/leaf/.git", "dev": 64768, "size": 4096, "mode": 16877, "nlink": 8, "ctime": 1472696498.7506726, "atime": 1474528941.954667}{"mtime": 1472458264.294658, "gid": 0, "ino": 1532775, "uid": 0, "path": "/root/leaf/test78", "dev": 64768, "size": 39090138, "mode": 33188, "nlink": 1, "ctime": 1472458264.294658, "atime": 1475977664.1229453}{"mtime": 1475999334.678971, "gid": 0, "ino": 1310805, "uid": 0, "path": "/root/leaf/test78_new", "dev": 64768, "size": 39090000, "mode": 33188, "nlink": 1, "ctime": 1475999334.678971, "atime": 1472524950.9328337}{"mtime": 1472695532.9631457, "gid": 0, "ino": 1532804, "uid": 0, "path": "/root/leaf/biggy", "dev": 64768, "size": 39090276, "mode": 33188, "nlink": 1, "ctime": 1472695532.9631457, "atime": 1472541646.4327328}{"mtime": 1472696390.5948842, "gid": 0, "ino": 1310814, "uid": 0, "path": "/root/leaf/clientasync.py", "dev": 64768, "size": 1712, "mode": 33188, "nlink": 1, "ctime": 1472696390.619883, "atime": 1475389561.0840125}{"mtime": 1475977427.433502, "gid": 0, "ino": 1167012, "uid": 0, "path": "/root/leaf/server.py", "dev": 64768, "size": 5609, "mode": 33188, "nlink": 1, "ctime": 1475977427.6604896, "atime": 1476944405.6208751}{"mtime": 1472474996.2841468, "gid": 0, "ino": 1532797, "uid": 0, "path": "/root/leaf/README.md", "dev": 64768, "size": 2837, "mode": 33188, "nlink": 1, "ctime": 1472474996.2841468, "atime": 1472474996.2861466}{"mtime": 1472525016.3940573, "gid": 0, "ino": 1310812, "uid": 0, "path": "/root/leaf/logclient", "dev": 64768, "size": 619054, "mode": 33188, "nlink": 1, "ctime": 1472525016.3940573, "atime": 1472525020.2968001}{"mtime": 1472695201.1591978, "gid": 0, "ino": 1310813, "uid": 0, "path": "/root/leaf/client.py", "dev": 64768, "size": 1981, "mode": 33188, "nlink": 1, "ctime": 1472695202.541118, "atime": 1476083332.2654047}{"mtime": 1476386382.785664, "gid": 0, "ino": 1167010, "uid": 0, "path": "/root/leaf", "dev": 64768, "size": 4096, "mode": 16877, "nlink": 3, "ctime": 1476386382.785664, "atime": 1476944398.9862545}{"mtime": 1472696498.7506726, "gid": 0, "ino": 67621657, "uid": 0, "path": "/root/leaf/.git", "dev": 64768, "size": 4096, "mode": 16877, "nlink": 8, "ctime": 1472696498.7506726, "atime": 1474528941.954667}{"mtime": 1472458264.294658, "gid": 0, "ino": 1532775, "uid": 0, "path": "/root/leaf/test78", "dev": 64768, "size": 39090138, "mode": 33188, "nlink": 1, "ctime": 1472458264.294658, "atime": 1475977664.1229453}{"mtime": 1475999334.678971, "gid": 0, "ino": 1310805, "uid": 0, "path": "/root/leaf/test78_new", "dev": 64768, "size": 39090000, "mode": 33188, "nlink": 1, "ctime": 1475999334.678971, "atime": 1472524950.9328337}{"mtime": 1472695532.9631457, "gid": 0, "ino": 1532804, "uid": 0, "path": "/root/leaf/biggy", "dev": 64768, "size": 39090276, "mode": 33188, "nlink": 1, "ctime": 1472695532.9631457, "atime": 1472541646.4327328}{"mtime": 1472696390.5948842, "gid": 0, "ino": 1310814, "uid": 0, "path": "/root/leaf/clientasync.py", "dev": 64768, "size": 1712, "mode": 33188, "nlink": 1, "ctime": 1472696390.619883, "atime": 1475389561.0840125}{"mtime": 1475977427.433502, "gid": 0, "ino": 1167012, "uid": 0, "path": "/root/leaf/server.py", "dev": 64768, "size": 5609, "mode": 33188, "nlink": 1, "ctime": 1475977427.6604896, "atime": 1476944405.6208751}{"mtime": 1472474996.2841468, "gid": 0, "ino": 1532797, "uid": 0, "path": "/root/leaf/README.md", "dev": 64768, "size": 2837, "mode": 33188, "nlink": 1, "ctime": 1472474996.2841468, "atime": 1472474996.2861466}{"mtime": 1472525016.3940573, "gid": 0, "ino": 1310812, "uid": 0, "path": "/root/leaf/logclient", "dev": 64768, "size": 619054, "mode": 33188, "nlink": 1, "ctime": 1472525016.3940573, "atime": 1472525020.2968001}{"mtime": 1472695201.1591978, "gid": 0, "ino": 1310813, "uid": 0, "path": "/root/leaf/client.py", "dev": 64768, "size": 1981, "mode": 33188, "nlink": 1, "ctime": 1472695202.541118, "atime": 1476083332.2654047}{"mtime": 1476386382.785664, "gid": 0, "ino": 1167010, "uid": 0, "path": "/root/leaf", "dev": 64768, "size": 4096, "mode": 16877, "nlink": 3, "ctime": 1476386382.785664, "atime": 1476944398.9862545}{"mtime": 1472696498.7506726, "gid": 0, "ino": 67621657, "uid": 0, "path": "/root/leaf/.git", "dev": 64768, "size": 4096, "mode": 16877, "nlink": 8, "ctime": 1472696498.7506726, "atime": 1474528941.954667}{"mtime": 1472458264.294658, "gid": 0, "ino": 1532775, "uid": 0, "path": "/root/leaf/test78", "dev": 64768, "size": 39090138, "mode": 33188, "nlink": 1, "ctime": 1472458264.294658, "atime": 1475977664.1229453}{"mtime": 1475999334.678971, "gid": 0, "ino": 1310805, "uid": 0, "path": "/root/leaf/test78_new", "dev": 64768, "size": 39090000, "mode": 33188, "nlink": 1, "ctime": 1475999334.678971, "atime": 1472524950.9328337}{"mtime": 1472695532.9631457, "gid": 0, "ino": 1532804, "uid": 0, "path": "/root/leaf/biggy", "dev": 64768, "size": 39090276, "mode": 33188, "nlink": 1, "ctime": 1472695532.9631457, "atime": 1472541646.4327328}{"mtime": 1472696390.5948842, "gid": 0, "ino": 1310814, "uid": 0, "path": "/root/leaf/clientasync.py", "dev": 64768, "size": 1712, "mode": 33188, "nlink": 1, "ctime": 1472696390.619883, "atime": 1475389561.0840125}{"mtime": 1475977427.433502, "gid": 0, "ino": 1167012, "uid": 0, "path": "/root/leaf/server.py", "dev": 64768, "size": 5609, "mode": 33188, "nlink": 1, "ctime": 1475977427.6604896, "atime": 1476944405.6208751}{"mtime": 1472474996.2841468, "gid": 0, "ino": 1532797, "uid": 0, "path": "/root/leaf/README.md", "dev": 64768, "size": 2837, "mode": 33188, "nlink": 1, "ctime": 1472474996.2841468, "atime": 1472474996.2861466}{"mtime": 1472525016.3940573, "gid": 0, "ino": 1310812, "uid": 0, "path": "/root/leaf/logclient", "dev": 64768, "size": 619054, "mode": 33188, "nlink": 1, "ctime": 1472525016.3940573, "atime": 1472525020.2968001}{"mtime": 1472695201.1591978, "gid": 0, "ino": 1310813, "uid": 0, "path": "/root/leaf/client.py", "dev": 64768, "size": 1981, "mode": 33188, "nlink": 1, "ctime": 1472695202.541118, "atime": 1476083332.2654047}{"mtime": 1476386382.785664, "gid": 0, "ino": 1167010, "uid": 0, "path": "/root/leaf", "dev": 64768, "size": 4096, "mode": 16877, "nlink": 3, "ctime": 1476386382.785664, "atime": 1476944398.9862545}{"mtime": 1472696498.7506726, "gid": 0, "ino": 67621657, "uid": 0, "path": "/root/leaf/.git", "dev": 64768, "size": 4096, "mode": 16877, "nlink": 8, "ctime": 1472696498.7506726, "atime": 1474528941.954667}{"mtime": 1472458264.294658, "gid": 0, "ino": 1532775, "uid": 0, "path": "/root/leaf/test78", "dev": 64768, "size": 39090138, "mode": 33188, "nlink": 1, "ctime": 1472458264.294658, "atime": 1475977664.1229453}{"mtime": 1475999334.678971, "gid": 0, "ino": 1310805, "uid": 0, "path": "/root/leaf/test78_new", "dev": 64768, "size": 39090000, "mode": 33188, "nlink": 1, "ctime": 1475999334.678971, "atime": 1472524950.9328337}{"mtime": 1472695532.9631457, "gid": 0, "ino": 1532804, "uid": 0, "path": "/root/leaf/biggy", "dev": 64768, "size": 39090276, "mode": 33188, "nlink": 1, "ctime": 1472695532.9631457, "atime": 1472541646.4327328}{"mtime": 1472696390.5948842, "gid": 0, "ino": 1310814, "uid": 0, "path": "/root/leaf/clientasync.py", "dev": 64768, "size": 1712, "mode": 33188, "nlink": 1, "ctime": 1472696390.619883, "atime": 1475389561.0840125}{"mtime": 1475977427.433502, "gid": 0, "ino": 1167012, "uid": 0, "path": "/root/leaf/server.py", "dev": 64768, "size": 5609, "mode": 33188, "nlink": 1, "ctime": 1475977427.6604896, "atime": 1476944405.6208751}{"mtime": 1472474996.2841468, "gid": 0, "ino": 1532797, "uid": 0, "path": "/root/leaf/README.md", "dev": 64768, "size": 2837, "mode": 33188, "nlink": 1, "ctime": 1472474996.2841468, "atime": 1472474996.2861466}{"mtime": 1472525016.3940573, "gid": 0, "ino": 1310812, "uid": 0,